{"cameraMode":{"drawMode":0,"name":"Shaded","section":"Shading Mode"},"sceneLighting":true,"audioPlay":false,"sceneViewState":{"m_AlwaysRefresh":false,"showFog":true,"showSkybox":true,"showFlares":true,"showImageEffects":true,"showParticleSystems":true,"showVisualEffectGraphs":true,"m_FxEnabled":true},"in2DMode":false,"pivot":{"x":-9.144401550292969,"y":-2.4437761306762697,"z":15.948930740356446},"rotation":{"x":0.07625185698270798,"y":0.16523602604866029,"z":-0.012814418412744999,"w":0.9832196235656738},"size":16.13201332092285,"orthographic":false}